route_order,business,category,priority,address,phone,demo_url,status,owner_contact,owner_email_or_text,visit_date,reaction,quoted_package,quoted_amount,follow_up_date,next_action,notes
1,Isabell's Pizza,Restaurant,A,"139 E Main St, Fredericksburg, PA 17026",(717) 865-6675,https://barrservicesllc.github.io/isabells-pizza-demo/,Ready for visit,,,,,,,,,
2,"A.A. Krall & Sons, LLC Heating & A/C",HVAC,A,"2629 US-22, Fredericksburg, PA",(717) 865-5373,https://barrservicesllc.github.io/barr-services-website-demos/demos/a-a-krall-heating-ac/,Ready for visit,,,,,,,,,
3,Driven Auto Solutions LLC,Auto repair,A,"10740 Allentown Blvd, Jonestown, PA 17038",(717) 861-4650,https://barrservicesllc.github.io/barr-services-website-demos/demos/driven-auto-solutions/,Ready for visit,,,,,,,,,
4,S & A Mechanical Inc.,Mechanical contractor,A,"14 Lincoln School Rd, Jonestown, PA",(717) 865-3131,https://barrservicesllc.github.io/barr-services-website-demos/demos/s-a-mechanical/,Ready for visit,,,,,,,,,
5,K & S Auto,Auto repair,A,"549 N Mill St, Jonestown, PA 17038",(717) 865-8008,https://barrservicesllc.github.io/barr-services-website-demos/demos/k-s-auto/,Ready for visit,,,,,,,,,
6,Nellie's Beautiful You Salon,Beauty salon,B,"6 Colonial Dr, Jonestown, PA",(717) 865-3040,https://barrservicesllc.github.io/barr-services-website-demos/demos/nellies-beautiful-you/,Ready for visit,,,,,,,,,
7,Cutting Quarters,Hair salon,B,"41 Valley Dr, Jonestown, PA",(717) 865-5520,https://barrservicesllc.github.io/barr-services-website-demos/demos/cutting-quarters/,Ready for visit,,,,,,,,,
8,Corner Hair Cut,Haircut shop,B,"12 Darkes Rd, Jonestown, PA",(717) 865-3681,https://barrservicesllc.github.io/barr-services-website-demos/demos/corner-hair-cut/,Ready for visit,,,,,,,,,
9,Donna's Cut and Dry Styling Salon,Hair salon,B,"210 W Hill St, Jonestown, PA",(717) 865-2448,https://barrservicesllc.github.io/barr-services-website-demos/demos/donnas-cut-and-dry/,Ready for visit,,,,,,,,,
10,His & Her Cuts,Hair & beauty,B,"177 S Lancaster St, Jonestown, PA 17038",(717) 865-9327,https://barrservicesllc.github.io/his-her-cuts-demo/,Ready for visit,,,,,,,,,
11,Katrina's Styling Salon,Hair salon,B,"172 Camp Meeting Rd, Jonestown, PA",(717) 865-6548,https://barrservicesllc.github.io/barr-services-website-demos/demos/katrinas-styling-salon/,Ready for visit,,,,,,,,,
12,A Day-Star Tanning Salon,Tanning salon,B,"1970 PA-72, Lebanon, PA",(717) 865-0155,https://barrservicesllc.github.io/barr-services-website-demos/demos/a-day-star-tanning/,Call before visit,,,,,,,,,
13,Butcher Block Antiques,Antiques / retail,B,"223 W Main St, Annville, PA 17003",(610) 763-4987,https://barrservicesllc.github.io/barr-services-website-demos/demos/butcher-block-antiques/,Visit Wednesday,,,,,,,,,
